Iteration,Residue,Time_ms
2,9.78265e-09,90.2551
3,1.53841e-09,75.9557
4,3.8209e-07,75.906
5,8.65343e-06,75.9014
6,0.000236275,76.1739
7,0.000321453,75.9214
8,763.829,75.9085
9,2918.43,75.8913
10,0.37554,76.1453
12,1.47957e-06,75.6197
13,7.97589e-08,75.7606
14,3.71859e-09,75.7531
15,7.86739e-09,75.5321
16,1.03251e-09,75.5877
17,0.000179633,75.7745
18,7.47948e-05,75.5694
