Iteration,Residue,Time_ms(refactorization),Time_ms(solver)
2,1.33929e-08,1135.67,602.857
3,2.45066e-09,776.622,603.045
4,1.49915e-07,775.866,602.993
5,3.75795e-08,775.706,603.027
6,3.24103e-06,775.821,603.102
7,8.63183e-06,776.165,603.136
8,1.12816e-05,775.968,602.947
9,1.49022e-05,775.815,603.474
10,1.43851e-06,776.68,602.955
11,0.000308803,775.755,602.975
12,0.000231698,775.971,602.868
13,0.0258643,775.837,602.925
14,0.00929177,775.943,603.024
