Iterations,Resiude,Time_ms
2,3.11016e-08,83.8902
1,1.31696e-17,42.3017
2,3.68375e-07,83.6386
1,1.5162e-14,42.1862
2,3.09921e-06,83.7337
1,1.39747e-15,42.2144
2,1.58892e-05,83.6327
4,3.01022e-14,166.729
3,9.04171e-06,125.715
2,1.50594e-08,84.58
1,1.857e-16,42.7196
2,9.82926e-07,84.655
1,3.12846e-16,42.6361
2,7.48436e-05,84.5345
3,1.92836e-13,126.584
4,0.00163277,168.638
