Iterations,Resiude,Time_ms
2,1.01848e-08,1281.54
1,2.86968e-16,624.924
2,1.51765e-08,1228.17
1,4.20287e-16,624.918
2,4.61056e-08,1228.46
2,8.38648e-15,1228.15
3,4.31441e-08,1833.21
2,5.16194e-16,1228.23
3,1.01554e-08,1832.05
3,3.02832e-13,1831.71
4,1.2624e-10,2435.33
3,9.73095e-16,1832.33
10,1.64724e-05,6059.7
