launch_id,invocations,grid_size,cycles,dram_kb,l1_req,l2_req
1,2,14.000000,305.189815,5.312000,227.000000,43.500000
2,31,16.000000,333.317503,5.561806,259.000000,50.580645
3,6,17.000000,352.510802,5.674667,275.000000,55.333333
4,3,18.000000,374.277778,5.717333,291.000000,54.333333
5,2,19.000000,390.486111,5.888000,307.000000,68.500000
6,1,20.000000,412.990741,6.272000,323.000000,61.000000
7,3,21.000000,433.262346,5.930667,339.000000,64.000000
8,1,22.000000,448.018519,6.656000,355.000000,67.000000
9,1,23.000000,475.962963,6.144000,371.000000,70.000000
