launch_id,invocations,grid_size,cycles,dram_kb,l1_req,l2_req
1,1,47.000000,,48.512000,1175.000000,995.000000
2,2,60.000000,3282.833333,59.840000,1500.000000,1257.500000
3,8,61.000000,4289.606481,60.416000,1524.250000,1289.000000
4,50,1.000000,4345.711806,4.213760,19.000000,4.120000
